{"matrizZ": [[-145.06999999999994, 47.930000000000064, 98.93000000000006, -126.06999999999994, -27.069999999999936, 155.93000000000006, 398.93000000000006, 366.93000000000006, 604.9300000000001, 286.93000000000006], [-309.06999999999994, -117.06999999999994, -173.06999999999994, -199.06999999999994, -206.06999999999994, -199.06999999999994, 5.930000000000064, 96.93000000000006, 259.93000000000006, -92.06999999999994], [-273.06999999999994, -170.06999999999994, -325.06999999999994, -310.06999999999994, -299.06999999999994, -200.06999999999994, 1026.93, 315.93000000000006, 411.93000000000006, -64.06999999999994], [-420.06999999999994, -389.06999999999994, -391.06999999999994, -354.06999999999994, -225.06999999999994, 39.930000000000064, 545.9300000000001, 307.93000000000006, -13.069999999999936, -110.06999999999994], [-151.06999999999994, -437.06999999999994, -138.06999999999994, -14.069999999999936, -110.06999999999994, 756.9300000000001, 165.93000000000006, 20.930000000000064, -77.06999999999994, -124.06999999999994], [-387.06999999999994, -261.06999999999994, -280.06999999999994, 195.93000000000006, -155.06999999999994, 28.930000000000064, 149.93000000000006, 319.93000000000006, -21.069999999999936, -23.069999999999936], [-439.06999999999994, -451.06999999999994, -181.06999999999994, 325.93000000000006, 214.93000000000006, 177.93000000000006, 123.93000000000006, 103.93000000000006, 6.930000000000064, 263.93000000000006], [-409.06999999999994, -399.06999999999994, -178.06999999999994, 95.93000000000006, 341.93000000000006, 115.93000000000006, 58.930000000000064, -2.0699999999999363, -12.069999999999936, 317.93000000000006], [-505.06999999999994, -457.06999999999994, -178.06999999999994, 193.93000000000006, 111.93000000000006, 245.93000000000006, -58.069999999999936, -31.069999999999936, 275.93000000000006, 83.93000000000006], [-505.06999999999994, -281.06999999999994, -6.069999999999936, 564.9300000000001, 170.93000000000006, -87.06999999999994, -137.06999999999994, 218.93000000000006, 610.9300000000001, 397.93000000000006]], "matrizZT": [[-145.06999999999994, -309.06999999999994, -273.06999999999994, -420.06999999999994, -151.06999999999994, -387.06999999999994, -439.06999999999994, -409.06999999999994, -505.06999999999994, -505.06999999999994], [47.930000000000064, -117.06999999999994, -170.06999999999994, -389.06999999999994, -437.06999999999994, -261.06999999999994, -451.06999999999994, -399.06999999999994, -457.06999999999994, -281.06999999999994], [98.93000000000006, -173.06999999999994, -325.06999999999994, -391.06999999999994, -138.06999999999994, -280.06999999999994, -181.06999999999994, -178.06999999999994, -178.06999999999994, -6.069999999999936], [-126.06999999999994, -199.06999999999994, -310.06999999999994, -354.06999999999994, -14.069999999999936, 195.93000000000006, 325.93000000000006, 95.93000000000006, 193.93000000000006, 564.9300000000001], [-27.069999999999936, -206.06999999999994, -299.06999999999994, -225.06999999999994, -110.06999999999994, -155.06999999999994, 214.93000000000006, 341.93000000000006, 111.93000000000006, 170.93000000000006], [155.93000000000006, -199.06999999999994, -200.06999999999994, 39.930000000000064, 756.9300000000001, 28.930000000000064, 177.93000000000006, 115.93000000000006, 245.93000000000006, -87.06999999999994], [398.93000000000006, 5.930000000000064, 1026.93, 545.9300000000001, 165.93000000000006, 149.93000000000006, 123.93000000000006, 58.930000000000064, -58.069999999999936, -137.06999999999994], [366.93000000000006, 96.93000000000006, 315.93000000000006, 307.93000000000006, 20.930000000000064, 319.93000000000006, 103.93000000000006, -2.0699999999999363, -31.069999999999936, 218.93000000000006], [604.9300000000001, 259.93000000000006, 411.93000000000006, -13.069999999999936, -77.06999999999994, -21.069999999999936, 6.930000000000064, -12.069999999999936, 275.93000000000006, 610.9300000000001], [286.93000000000006, -92.06999999999994, -64.06999999999994, -110.06999999999994, -124.06999999999994, -23.069999999999936, 263.93000000000006, 317.93000000000006, 83.93000000000006, 397.93000000000006]], "matrizX": [[0, 0, 0, 0, 0, 0, 0, 0, 0, 0], [1, 1, 1, 1, 1, 1, 1, 1, 1, 1], [2, 2, 2, 2, 2, 2, 2, 2, 2, 2], [3, 3, 3, 3, 3, 3, 3, 3, 3, 3], [4, 4, 4, 4, 4, 4, 4, 4, 4, 4], [5, 5, 5, 5, 5, 5, 5, 5, 5, 5], [6, 6, 6, 6, 6, 6, 6, 6, 6, 6], [7, 7, 7, 7, 7, 7, 7, 7, 7, 7], [8, 8, 8, 8, 8, 8, 8, 8, 8, 8], [9, 9, 9, 9, 9, 9, 9, 9, 9, 9]], "matrizY": [[0, 1, 2, 3, 4, 5, 6, 7, 8, 9], [0, 1, 2, 3, 4, 5, 6, 7, 8, 9], [0, 1, 2, 3, 4, 5, 6, 7, 8, 9], [0, 1, 2, 3, 4, 5, 6, 7, 8, 9], [0, 1, 2, 3, 4, 5, 6, 7, 8, 9], [0, 1, 2, 3, 4, 5, 6, 7, 8, 9], [0, 1, 2, 3, 4, 5, 6, 7, 8, 9], [0, 1, 2, 3, 4, 5, 6, 7, 8, 9], [0, 1, 2, 3, 4, 5, 6, 7, 8, 9], [0, 1, 2, 3, 4, 5, 6, 7, 8, 9]]}