{"fitZ": [[0.04077043957074997, -1.4140082054168976, 16.18082182265641, -62.42069772333001, 111.86829721362312], [0.0407812646589747, -1.435469343751109, 16.41506079489855, -64.15700105135178, 114.12070519435903], [0.03862346373956377, -1.2593311258172222, 13.345765195417163, -49.49086174976349, 87.120017199863], [0.05644516731978159, -1.6447138889089732, 14.783627384827433, -40.723259297176874, 46.134465084280315], [0.07548108496251056, -2.1611702281207363, 18.982798483766405, -50.20902884525316, 32.210402476781425], [0.032464439585182976, -0.8464938341099443, 6.376342912333742, -12.881125253029701, 15.109181286550102], [0.025268462187967095, -0.7898447441791179, 8.173543303961349, -31.63386750848082, 29.45292053663597], [0.010835462267351104, -0.4065226569096624, 5.431020282607048, -28.807889478942343, 25.100495356037225], [-0.0005011113757242284, -0.07129232709728504, 1.9807014236194205, -14.37680567053644, -1.9376023391812436], [0.0007591093117410525, -0.06049169555361956, 0.9868503744278138, -4.890334653879663, -25.15836257309936], [-0.0023562608701927315, 0.025041836961340845, 0.2525039030457051, -2.3055226650428025, -34.04226350189202], [-0.012096134000158734, 0.35008776340045616, -3.218110793575187, 10.013061814919409, -44.0258376332991], [-0.007551852172595322, 0.20342856604466844, -1.567236577492026, 3.5914321030421097, -48.67212246302041], [0.007545086492455124, -0.1219378030523599, 0.5006119181816293, 0.41313211785331977, -51.9830099759201], [0.043273290177315696, -1.1304974408689796, 9.572811648276259, -23.157045554492093, -45.587757137942226]], "fitZT": [[0.020381836945305036, -0.5821712400659944, 5.653535233256761, -32.81506147218275, 114.26570003440014], [0.0011343790368560827, -0.03392031371908287, 0.67391872403489, -15.70430542682884, 81.45670450636406], [-0.023396624015819354, 0.6440027407519757, -4.736845412929093, -4.07799629277928, 59.946814585483054], [0.007816164743409557, -0.24187506966145408, 2.8649661956551142, -20.78729089681122, 43.678324733402256], [0.004736878188890532, -0.0070250813284859995, -1.8460413855150724, 10.850835854318799, 0.120533195734494], [-0.015800118354298346, 0.5753428145069136, -6.751819216215616, 18.534086928437134, 40.94217062263473], [-0.02445297220839068, 0.7767730492188852, -7.447957185573432, 9.83443999814017, 79.95094255245927], [-0.01593588300244699, 0.5816789992486737, -5.636621483951348, 0.08079285981808315, 95.41877880976904], [-0.005645283509060976, 0.34279225533096597, -4.045172792463917, -1.3217913693916699, 83.19887856897121], [0.007805339655184923, -0.12953911986419947, 1.2591208885713778, -21.77445772608321, 95.17591675266607], [0.025376262024869277, -0.7310439674990891, 7.898704387288109, -46.599641428976234, 112.27455796353658], [0.01737246241890254, -0.5392611917379861, 6.372644941917523, -41.01248406163309, 104.26621603027202], [0.012887718576573167, -0.42736776753804945, 5.599922931385814, -37.964891503978315, 95.28848985208128], [0.01914507061565919, -0.4681886740710372, 4.984917043740673, -34.981251591546034, 95.62294117647082], [0.05596164671242149, -1.3769437047301056, 11.748953123759865, -50.652982122797226, 98.82701754386048]]}