{"fitZ": [[0.0033697421250598217, -0.10164882238183078, 0.6933632577358054, 1.565235771146679, 23.399484429789858], [-0.0012496190264531019, 0.07882475770889054, -1.5852505868573168, 11.369670095563793, 13.470671916392762], [0.003945762146502189, -0.1496537858046725, 1.6579515559825182, -3.822016510623794, 17.477847944974638], [5.082681728479525e-05, 0.010774840826652785, -0.40727804548192154, 4.166998685726963, 13.675135778872045], [-0.0009162849887626095, 0.05294931391070025, -1.017584076971727, 7.2425836538713595, 8.613627326137648], [-0.0014273807050414792, 0.07317179725142418, -1.255188459438576, 7.812892203973529, 8.415260593094185], [-0.00011249829809469179, 0.018087017562347468, -0.4867145506411053, 3.88552286351106, 10.734499162185731], [0.00033375357157357206, 0.0007095907976810221, -0.24399963054535032, 2.614588900074473, 9.539296317435703], [-0.0004894466185050193, 0.0317735154900741, -0.5939628706876691, 3.585005965916487, 9.398909593954134], [-0.0001084926115673941, 0.01968766384541355, -0.47676139661746786, 3.1667087620122927, 9.067055185767735], [0.0009467098158437798, -0.023214031953483254, 0.10180736787603252, 0.6192723183959682, 7.67660418148522], [-0.0012901931252806223, 0.057555454955697284, -0.7779752363231272, 3.592855662161387, 4.145704336828364], [-0.0006398179068650974, 0.02661103803390239, -0.2523518030419638, 1.0080404818862743, 1.971116663161985], [0.004632814970968347, -0.14861271726305753, 1.349446332330057, -1.1165304749930238, 0.7238400052137631], [0.0070005722543312505, -0.24494485379365297, 2.556055503701006, -5.572098487555518, 6.541137930560402], [0.009212475573656814, -0.33861242143917847, 3.835536463452027, -12.167895056468517, 21.088443253927206], [0.015247022212404985, -0.597515795865246, 7.533701625784649, -30.80933351928806, 39.746995859043786], [0.014253083225999582, -0.5725603879569253, 7.509206019349411, -32.78011568723654, 50.337162347590535], [0.010267746965541839, -0.3871755028554366, 4.851975960038101, -19.38911710246955, 33.28657170249646], [0.0029986385438148227, -0.14599682197114133, 2.262277919313699, -9.278926930157636, 18.272816883982326]], "fitZT": [[-0.0018828048497421333, 0.06701025444961736, -0.6317874938686276, 0.545216585420029, 18.992049037722815], [-0.004722095229507353, 0.16969650175002482, -1.635651778397177, 2.086170562988905, 22.801545692320737], [-0.003830470787213447, 0.16257979332160105, -1.97058453328117, 5.443800285081704, 19.37583724152113], [0.0017178073458698684, -0.04891836722913713, 0.5624439796980398, -5.255309011287438, 35.90255845225064], [0.003135412336732141, -0.11309518561655643, 1.3077059522957817, -7.174991083655391, 41.118251725143914], [0.0006398983654180012, -0.02246188241266818, 0.22012310669852175, -2.0921937324051485, 32.62593054414906], [-0.001019478829916615, 0.02263512117117632, 0.06369880646181372, -4.156910625971879, 38.36670249419685], [-0.0026824766601324206, 0.07646826079157788, -0.3551135357904561, -4.212154141628467, 40.44805118431961], [-0.004734911127578941, 0.14756003203894422, -1.0073936161933026, -3.1771456511919167, 43.217153529028714], [-0.008022798169125926, 0.2787547867521033, -2.5571820728648365, 2.4401934135827283, 40.11340915328038], [-0.010566937841598694, 0.3849613294555154, -3.8840002820021584, 7.411575786419624, 40.25346492610377], [-0.00493121275557496, 0.20653080657946785, -2.2218513757252265, 3.588162012861815, 36.267813419183554], [-0.00508542306631697, 0.2017568443185261, -2.1521805848965685, 4.37851282304754, 29.8599085863366], [-0.0020275727745955874, 0.08262469255959323, -0.7881165426727688, 0.19703808155091074, 26.805310383347766], [-0.0015263159899304066, 0.06118929270230427, -0.5468295492508043, -0.7617179428591133, 27.88558424756331], [-0.001566430325598432, 0.0541108557255498, -0.3237769926169418, -2.6470822984889617, 32.76333871170574], [-0.0005546237934062934, 0.01430253458516543, 0.22015245108218645, -5.444725176398886, 38.0519684181424], [-0.003005397062259819, 0.10460934081268278, -0.7735804867161803, -1.6853970551198347, 34.83218765004147], [-0.004414668845855837, 0.16037576536206413, -1.3534729265870833, -0.03138969699428042, 35.61309118607107], [-0.006430488924686194, 0.21349198096238814, -1.6669230926724585, 0.03850757617701589, 37.71618078867063]]}