{"fitZ": [[-2.4171037296037223, 40.107517482517345, -196.8704836829826, 332.12179487179145, -133.13643356642987], [-2.468094405594396, 42.08440170940151, -217.08289627039483, 370.8209013208977, -312.86370629370447], [-2.632284382284396, 34.86363636363661, -103.25349650349783, 34.58857808857995, -225.3986713286728], [-0.29705710955712755, -3.9359945609942226, 81.16273310023101, -175.067210567206, -373.68888111888407], [2.979166666666653, -58.56963869463842, 346.417395104893, -543.0273892773835, -147.64692307692775], [-0.4495920745920815, 6.178515928516054, -33.19667832167902, 163.84071484071603, -396.2378321678322], [2.3821386946386913, -39.02360139860134, 170.43749999999946, -25.502331002328983, -478.3322377622397], [2.793269230769227, -45.84702797202788, 209.08988927738855, -120.31118881118596, -423.52804195804384], [0.9919871794871894, -14.838092463092645, 42.33464452214553, 178.52311577311437, -557.9616083916075], [-1.4584790209789924, 34.49290986790932, -265.42526223775883, 783.866355866348, -616.5769930069894]], "fitZT": [[0.8072552447552459, -15.345473970473996, 92.0904720279721, -212.73174048174008, -151.96160839160942], [0.44041375291374835, -8.166958041957956, 60.34775641025589, -243.3787878787866, 62.34608391608314], [1.2685023310023242, -25.609071484071357, 179.78831585081494, -482.57128982128734, 113.27615384615083], [2.162296037296018, -41.697163947163574, 264.17628205127954, -511.6717171717106, -60.94412587412877], [-0.12689393939394614, -3.868006993006863, 76.7635489510481, -268.06701631701424, -21.891678321680033], [2.394813519813528, -47.58177933177947, 290.1465617715623, -514.7777777777771, 114.19573426573382], [-0.7144522144521878, 17.820901320900816, -150.0844988344957, 386.82886557885894, 251.54538461538692], [1.6217948717948674, -27.358197358197266, 141.82109557109487, -257.42968142967914, 341.69923076923055], [0.2205710955711023, -1.3331390831392074, 18.411130536131246, -214.88364413364548, 578.7481818181824], [0.8747086247086138, -20.40248640248619, 166.24766899766757, -474.8644133644097, 282.87405594405465]]}